{
    "0.1": [
        0.13819821680087369,
        0.11069419385024941,
        0.02485085009070903,
        0.1168639787079783,
        0.16532668084479066,
        0.21963884444147888,
        0.10664294687425001,
        0.2169022979010804,
        0.08176006394479206,
        0.05507665100294147,
        0.08001457669952701,
        0.11142652082636972,
        0.12796327318945294,
        0.027290712267868347,
        0.11095995828100796,
        0.025855617934901355,
        0.0,
        0.1920769501782209,
        0.1364907239442814,
        0.08279721347570282,
        0.07951263955355477,
        0.11105340681816539,
        0.027655576016854675,
        0.11286285087747801,
        0.06636700110350964,
        0.10927350220381685,
        0.11104628916617398,
        0.23682733276462867,
        0.1383206103685372,
        0.08258078617935137,
        0.05601477024446052,
        0.13848321215282516,
        0.07373560519246469,
        0.13668400968411307,
        0.15076702574370163,
        0.08117459408298325,
        0.13346753168055128,
        0.2032724162838885,
        0.1644643524097201,
        0.11131093497809605,
        0.25870463293093765,
        0.32346618477999545,
        0.04819301245859009,
        0.11207480302306475,
        0.07624146923253235,
        0.1648514790926921,
        0.027549562504340264,
        0.16696935020101444,
        0.06960015795129554,
        0.16402282914617772
    ],
    "0.4444444444444444": [
        0.8743003262822595,
        0.4501903259491534,
        0.5310665744052536,
        0.36320797984227415,
        0.5089910973858652,
        0.482106510706498,
        0.5996437849801328,
        1.009443267983549,
        0.38829568479895693,
        0.7200666512594576,
        0.2781123875958872,
        0.32039459648456514,
        0.4367502889485557,
        0.61099248976422,
        0.4907170738038711,
        0.4851195419982079,
        0.47392189424269393,
        0.6936283626418512,
        0.5556163108579075,
        0.47804833324276874,
        0.40758378029074166,
        0.537563758829664,
        0.6916562626417755,
        0.5774993304245344,
        0.4893525684600292,
        0.5735936855278001,
        0.6032176727217765,
        0.7634542341255731,
        0.2442674953341965,
        0.5436787835308241,
        0.524401964179248,
        0.5203677200138916,
        0.5624829140599334,
        0.40605392838783194,
        0.4333114392830909,
        0.33925957955513564,
        0.5479962044319358,
        0.40284036089240366,
        0.630471568545923,
        0.686392393379821,
        0.7903519624327972,
        0.6099904024438871,
        0.5207333734178926,
        1.0,
        0.9381186754409301,
        0.7821565681851002,
        0.6194792039595576,
        0.5480213634961569,
        0.4012620371473468,
        0.5625528087656739
    ],
    "0.7888888888888889": [
        0.907010574962758,
        0.7711923200755706,
        0.7987876492901387,
        0.8386324677818329,
        1.1994334544562015,
        0.8400534590660967,
        1.113139359030181,
        0.8604945170357903,
        0.9546365082173573,
        1.003350326637827,
        0.7716601670451341,
        1.0571401778451592,
        1.0430969404753145,
        0.9503574262676512,
        1.4253493140056457,
        1.2303825702269497,
        1.009288783500601,
        0.6263846113229125,
        0.582381488877334,
        1.0772003126689076,
        0.8402567951350646,
        1.3803843303707668,
        1.2088097538616331,
        1.0910249660653883,
        1.0419371081471507,
        1.0796171344413412,
        1.0899450779540638,
        0.8901760216170197,
        1.0632065278872131,
        0.9774127084257269,
        0.7995133140399,
        0.876551064641363,
        1.263891893720059,
        0.9430531459527225,
        1.315719943551303,
        0.8910486792677366,
        1.132346704634868,
        1.0338175644340484,
        1.1194514438441905,
        1.3039339414507403,
        0.7463747132296054,
        0.8317121870155203,
        0.8134196016095616,
        0.6795683500103608,
        1.1432631587882758,
        1.2070269655425938,
        1.010418824139757,
        0.7896684128113031,
        0.9837546868899022,
        0.7005130598079725
    ],
    "1.1333333333333333": [
        1.5150685548842144,
        1.3778782065288806,
        1.4243088383637557,
        1.4125766884738102,
        1.5751974296938924,
        1.455620431120374,
        1.3621498216702088,
        1.2786630403046775,
        1.1866273844841624,
        0.9045188605528451,
        1.3456038036177667,
        1.352599430504437,
        1.2177111130380114,
        1.6209915676652136,
        1.386869950829251,
        0.9496169188925124,
        1.3578024409254899,
        1.4914666279065285,
        1.3562225663388492,
        1.4037680637594137,
        1.637069084074224,
        1.2322064892550502,
        1.290987335746984,
        1.4886773493571668,
        1.7405707519863425,
        1.1764136495395645,
        1.3356373127366687,
        1.1016324912890463,
        1.1405439427135629,
        1.5590271276562422,
        1.444422892058155,
        1.4844826205089183,
        1.3822696074805767,
        1.1484663128972885,
        1.226218793885722,
        1.375752323162448,
        1.2134760252025099,
        1.3753880373232137,
        1.2906118096219807,
        1.395087095926148,
        1.424982687909399,
        1.2898565894850227,
        1.4623258365795166,
        1.4680189265627102,
        1.1392520982181549,
        1.3099131107004807,
        1.2273130389233402,
        1.380842771271267,
        1.3777947604423206,
        1.3052436465853836
    ],
    "1.4777777777777779": [
        1.7126268544227568,
        1.8178297902564389,
        1.9911708019965073,
        1.913635150571728,
        1.6088795820061497,
        1.5540250446202062,
        1.3845051780741653,
        1.781510586447947,
        2.037273771940792,
        2.0465396379641554,
        1.3785156952809412,
        1.88488055972412,
        1.5742247082123508,
        1.7620202728019947,
        1.6592007826839041,
        1.853574230033641,
        1.5793782837724148,
        1.6645081551419916,
        1.7157028538616736,
        2.1480609319232187,
        1.7662614845973041,
        1.535253904051857,
        1.5524745838438219,
        1.7452901414580673,
        1.6013483703780607,
        1.7529913237256096,
        1.8445769364983726,
        1.688941488607503,
        1.719088308418956,
        1.4192311343871709,
        1.7555663758141067,
        1.6249083360256158,
        1.7669882943422406,
        2.15748226504581,
        1.9764290391286312,
        2.163824024698635,
        1.862548210819925,
        2.0861198635959837,
        2.0082463081060666,
        1.5693201396879624,
        1.7568546396678093,
        1.6670078801034218,
        1.9915921021430443,
        1.5490178431754609,
        1.6848691587691247,
        1.7319004483066713,
        1.5255296126504188,
        1.7761212537399085,
        1.639708733392446,
        1.913679091901532
    ],